country_stats,index,Africa,Americas,Asia,Europe,Oceania
0,sum,2812.0,3519.0,5793.0,1857.0,662.0
1,mean,54.07692307692308,67.67307692307692,111.40384615384616,35.71153846153846,12.73076923076923
2,median,53.0,77.5,116.0,33.0,13.0
3,min,3.0,13.0,22.0,4.0,2.0
4,max,123.0,118.0,193.0,100.0,26.0
5,std,36.71343513972334,30.216682286216066,50.41018400664404,24.525566123234714,5.183364735856145
